f0,f1,f2,f3,f4,f5,f6,f7,f8,f9,f10,f11,f12,f13,f14,f15,f16,f17,f18,f19,f20,f21,f22,f23,f24,f25,f26,f27,f28,f29,f30,f31,f32,f33,f34,f35,f36,f37,f38,f39,f40,f41,f42,f43,f44,f45,f46,f47,f48,f49,f50,f51,f52,f53,f54,f55,f56,f57,f58,f59,f60,f61,f62,label,person_id
0.0,0.0,0.0,-0.25707385,-0.05261444,-0.046459556,-0.4646327,-0.35682422,-0.04995128,-0.4445678,-0.6636778,-0.06422724,-0.3595458,-0.8860086,-0.07752433,-0.5026961,-0.81364286,0.059484567,-0.6092112,-1.0931618,0.021550685,-0.6939666,-1.2902963,-0.03397059,-0.7565558,-1.4731158,-0.0909885,-0.41072628,-0.91151786,0.020950554,-0.5630298,-1.215679,-0.03208014,-0.65920407,-1.4305608,-0.09809211,-0.7504951,-1.6453575,-0.14987834,-0.29396614,-0.92554384,-0.03598668,-0.44443634,-1.2190028,-0.10335927,-0.54970837,-1.4220062,-0.15751868,-0.6491646,-1.6206743,-0.19697477,-0.1485297,-0.8776569,-0.10304889,-0.27782673,-1.1212943,-0.16812187,-0.3801599,-1.2781392,-0.20422468,-0.47642568,-1.4296296,-0.23273198,hello,p1
0.0,0.0,0.0,-0.25707385,-0.05261444,-0.046459556,-0.4646327,-0.35682422,-0.04995128,-0.4445678,-0.6636778,-0.06422724,-0.3595458,-0.8860086,-0.07752433,-0.5026961,-0.81364286,0.059484567,-0.6092112,-1.0931618,0.021550685,-0.6939666,-1.2902963,-0.03397059,-0.7565558,-1.4731158,-0.0909885,-0.41072628,-0.91151786,0.020950554,-0.5630298,-1.215679,-0.03208014,-0.65920407,-1.4305608,-0.09809211,-0.7504951,-1.6453575,-0.14987834,-0.29396614,-0.92554384,-0.03598668,-0.44443634,-1.2190028,-0.10335927,-0.54970837,-1.4220062,-0.15751868,-0.6491646,-1.6206743,-0.19697477,-0.1485297,-0.8776569,-0.10304889,-0.27782673,-1.1212943,-0.16812187,-0.3801599,-1.2781392,-0.20422468,-0.47642568,-1.4296296,-0.23273198,hello,
0.0,0.0,0.0,-0.2738315,-0.10614489,-0.027749283,-0.45507228,-0.40078238,-0.03603255,-0.44641012,-0.6874877,-0.060854524,-0.3788632,-0.9097695,-0.085193515,-0.48644358,-0.84492856,0.08273136,-0.5994142,-1.1638781,0.04151673,-0.672621,-1.3647596,-0.0195818,-0.7287923,-1.5488261,-0.07628486,-0.4028034,-0.91456443,0.036352493,-0.5517313,-1.2529122,-0.0073889163,-0.65131086,-1.4768094,-0.08022811,-0.74041474,-1.6787755,-0.13853365,-0.29425773,-0.9167792,-0.027045246,-0.43517667,-1.2436438,-0.07880853,-0.53840894,-1.4539108,-0.1409168,-0.6339962,-1.6326582,-0.19066493,-0.15574853,-0.8706426,-0.09905973,-0.26609725,-1.112412,-0.15094973,-0.36178952,-1.2561831,-0.18637569,-0.45491773,-1.3820504,-0.21661586,hello,
0.0,0.0,0.0,-0.26158693,-0.115843445,-0.042488802,-0.4393002,-0.40998507,-0.06616925,-0.43466222,-0.6941207,-0.10326767,-0.37757546,-0.926681,-0.1396805,-0.45709044,-0.8747267,0.038316347,-0.5811844,-1.2083331,-0.017568694,-0.6568558,-1.4130167,-0.083350696,-0.71378314,-1.5993798,-0.14164528,-0.36342728,-0.9316081,-0.0051950803,-0.5171103,-1.2771748,-0.06223341,-0.61139727,-1.505636,-0.14011493,-0.6924708,-1.7095975,-0.20170137,-0.25153956,-0.92216325,-0.06479873,-0.40079188,-1.2509528,-0.12852493,-0.508297,-1.4598832,-0.19651833,-0.6032879,-1.6377108,-0.24990243,-0.11613297,-0.86119175,-0.1331563,-0.23282522,-1.10064,-0.1983174,-0.33822852,-1.2492671,-0.24389227,-0.4387855,-1.3753126,-0.28021675,hello,
0.0,0.0,0.0,-0.23807438,-0.1442596,-0.053821594,-0.40428948,-0.44030353,-0.098135725,-0.41990414,-0.6945113,-0.15606968,-0.33365718,-0.89248824,-0.21662752,-0.35588622,-0.94219565,-0.030999888,-0.4666833,-1.3255306,-0.11315326,-0.5379618,-1.558529,-0.18801318,-0.58712786,-1.7633785,-0.25150543,-0.26251766,-0.96101123,-0.08684367,-0.4087248,-1.3852731,-0.17503604,-0.50114846,-1.6579885,-0.2685742,-0.5769988,-1.9035832,-0.33760878,-0.15245079,-0.9077863,-0.15561454,-0.30760148,-1.2963431,-0.25256568,-0.41673413,-1.5503457,-0.34262538,-0.5033354,-1.7650617,-0.40675873,-0.029473215,-0.79307115,-0.23111008,-0.13081975,-1.0637337,-0.32401323,-0.22659145,-1.2292244,-0.38464975,-0.31073865,-1.3636795,-0.4297417,hello,
0.0,0.0,0.0,-0.21764307,-0.15859284,-0.056370832,-0.36396426,-0.432602,-0.099878676,-0.34406707,-0.6681814,-0.15257272,-0.2258718,-0.8435529,-0.20613015,-0.3432872,-0.9582358,-0.022475315,-0.3977698,-1.2908401,-0.09492261,-0.43471178,-1.505144,-0.16978139,-0.45698434,-1.7070041,-0.23606405,-0.23320681,-0.9696577,-0.07333745,-0.32682028,-1.3488176,-0.1484572,-0.3907251,-1.5929481,-0.23656051,-0.44272086,-1.8304923,-0.30482545,-0.11079902,-0.8968159,-0.13666035,-0.20860304,-1.2490454,-0.22336775,-0.28586504,-1.4708686,-0.29883307,-0.3449677,-1.670385,-0.35211977,0.028425267,-0.74700516,-0.20736332,-0.060385633,-1.0129288,-0.28924513,-0.14541017,-1.1542622,-0.33185074,-0.21549499,-1.2625806,-0.3621696,hello,
0.0,0.0,0.0,-0.2759392,-0.04870012,-0.050660342,-0.48535258,-0.38945788,-0.0527742,-0.45565188,-0.72714907,-0.06509786,-0.37933478,-0.9529282,-0.07832456,-0.5209254,-0.7995439,0.058329344,-0.6357151,-1.1094788,0.020283952,-0.71356374,-1.3104097,-0.036517475,-0.77128786,-1.4963778,-0.09078244,-0.43184143,-0.90157515,0.025985755,-0.58336955,-1.2401681,-0.011603524,-0.6818024,-1.4665673,-0.07462373,-0.7698447,-1.6769617,-0.1263365,-0.31607315,-0.92299825,-0.025545765,-0.4596949,-1.263082,-0.07660895,-0.56541663,-1.4786507,-0.13287963,-0.6590185,-1.6709476,-0.178317,-0.17071392,-0.89934623,-0.08773656,-0.28807753,-1.1659844,-0.1426692,-0.3764,-1.3385748,-0.17800546,-0.46066147,-1.5004853,-0.20846115,hello,
0.0,0.0,0.0,-0.24408923,-0.08557714,-0.055235747,-0.42182693,-0.4044879,-0.07044598,-0.38094503,-0.7006171,-0.09378916,-0.30253953,-0.92020094,-0.11680772,-0.45550993,-0.85881776,0.03361614,-0.55163074,-1.1667842,-0.014403331,-0.6084055,-1.3721443,-0.07690851,-0.643035,-1.5620829,-0.13540152,-0.3541148,-0.9352016,-0.00081773545,-0.48793226,-1.2701697,-0.051148545,-0.56212264,-1.4899026,-0.124181904,-0.625031,-1.7003806,-0.18303213,-0.23465082,-0.9284651,-0.052468155,-0.35734126,-1.2528281,-0.11389039,-0.44290966,-1.4603596,-0.17647907,-0.5175732,-1.6550102,-0.22564872,-0.088735275,-0.8605112,-0.11386243,-0.19840007,-1.11794,-0.17623158,-0.28300792,-1.277442,-0.21589307,-0.36004257,-1.4277571,-0.24840246,hello,
0.0,0.0,0.0,-0.23703448,-0.09912864,-0.04656977,-0.41678023,-0.40907314,-0.05849425,-0.38261986,-0.6831322,-0.08053644,-0.28671256,-0.875986,-0.10247689,-0.43544033,-0.8845263,0.04113902,-0.5234616,-1.1854544,-0.0022787952,-0.57788,-1.3870308,-0.06111967,-0.6124294,-1.5718096,-0.11866494,-0.33015242,-0.94392574,0.0018759664,-0.45689437,-1.2681382,-0.049754925,-0.529378,-1.4836689,-0.123655364,-0.5929082,-1.6930699,-0.18269715,-0.21071517,-0.9241374,-0.053381108,-0.32398924,-1.2310017,-0.11573766,-0.40327513,-1.4367973,-0.17924532,-0.47410062,-1.6319836,-0.2284441,-0.06729407,-0.8424528,-0.117629394,-0.16813488,-1.0847036,-0.17934553,-0.25210893,-1.2371839,-0.21933942,-0.32908013,-1.3817937,-0.25207075,hello,
0.0,0.0,0.0,-0.24056952,-0.1392221,-0.04023464,-0.40357217,-0.45102075,-0.062067542,-0.3765312,-0.71234,-0.0967675,-0.28229254,-0.9081947,-0.13416772,-0.38321948,-0.9224172,0.02442731,-0.46504372,-1.242016,-0.031921115,-0.51760685,-1.4450649,-0.097020015,-0.55675876,-1.6341698,-0.15531847,-0.2811291,-0.9593931,-0.023052894,-0.39243078,-1.3114452,-0.08017553,-0.46559823,-1.5465256,-0.15728891,-0.52787286,-1.7620927,-0.21840948,-0.1646543,-0.92239517,-0.08522936,-0.27649587,-1.2636509,-0.15204838,-0.3603109,-1.4914681,-0.22181432,-0.43287316,-1.6868817,-0.2742418,-0.0355734,-0.8282731,-0.15511902,-0.1377826,-1.1039867,-0.22249809,-0.22345479,-1.2736495,-0.26649934,-0.30210176,-1.4139847,-0.30059946,hello,
0.0,0.0,0.0,-0.23859327,-0.16204579,-0.044541057,-0.37971732,-0.4940315,-0.06884166,-0.34058672,-0.7530369,-0.10459679,-0.22149026,-0.9156888,-0.141975,-0.33334136,-0.9470535,0.018047644,-0.38429856,-1.2786694,-0.040891055,-0.42006457,-1.4929483,-0.10737765,-0.44284564,-1.6884823,-0.1670922,-0.22738957,-0.9733297,-0.030384447,-0.31058356,-1.3386757,-0.08887202,-0.36755046,-1.5860589,-0.16656716,-0.41550544,-1.8158627,-0.22806717,-0.11038953,-0.9216938,-0.09335708,-0.18588379,-1.2780737,-0.16065732,-0.24962781,-1.5156126,-0.22853784,-0.3067662,-1.7248381,-0.28044978,0.018538127,-0.80744773,-0.16445158,-0.058700383,-1.0788994,-0.23083797,-0.12980683,-1.2476588,-0.27007598,-0.19591056,-1.393756,-0.30126908,hello,
0.0,0.0,0.0,-0.22765836,-0.17393927,-0.06522781,-0.35905698,-0.49573234,-0.10577361,-0.29648784,-0.7392115,-0.15325823,-0.14766952,-0.8672533,-0.20264214,-0.2976883,-0.9719711,-0.018596197,-0.32607427,-1.3051122,-0.08664074,-0.33701345,-1.5095817,-0.15956007,-0.33629563,-1.7041726,-0.2258946,-0.175278,-0.9825148,-0.06278755,-0.23730716,-1.3497155,-0.1309903,-0.27020037,-1.5975016,-0.2172166,-0.2953964,-1.8356436,-0.28646737,-0.0496676,-0.90571296,-0.122131884,-0.09784611,-1.2667661,-0.20266473,-0.13175042,-1.5026916,-0.28426498,-0.16204026,-1.7213186,-0.34609044,0.08159277,-0.76093835,-0.18983306,0.024952658,-1.0168682,-0.27497834,-0.029042562,-1.1821481,-0.3294685,-0.078620456,-1.3349974,-0.3711877,hello,
0.0,0.0,0.0,-0.26159763,-0.11547845,-0.03847805,-0.4338312,-0.42743134,-0.055942483,-0.42967102,-0.72602284,-0.087222554,-0.396104,-0.9608224,-0.11882355,-0.4438293,-0.8759574,0.04396041,-0.5453182,-1.2063447,-0.014540325,-0.62016654,-1.4154825,-0.08293936,-0.67731416,-1.6014065,-0.14136256,-0.360262,-0.9328501,-0.001413073,-0.50174725,-1.298142,-0.061005574,-0.6031412,-1.5459263,-0.13808571,-0.6929973,-1.7626057,-0.19645895,-0.25669146,-0.9229484,-0.063181706,-0.39926305,-1.2619606,-0.12854925,-0.5079387,-1.484863,-0.19465566,-0.601451,-1.6711705,-0.24483651,-0.13349842,-0.8620801,-0.13369325,-0.24529389,-1.1020746,-0.19657671,-0.33829784,-1.254832,-0.23697367,-0.42192355,-1.3866868,-0.26882255,hello,
0.0,0.0,0.0,-0.24813837,-0.1149166,-0.0427443,-0.41819945,-0.4182672,-0.06316355,-0.40323302,-0.69667196,-0.09506803,-0.3418908,-0.92677635,-0.12690417,-0.41336033,-0.89828724,0.04192951,-0.5015192,-1.2072785,-0.010572063,-0.56980944,-1.4112155,-0.076658994,-0.6232723,-1.5929692,-0.13740861,-0.32114956,-0.9470272,-0.0015510356,-0.44603822,-1.2875376,-0.05929782,-0.5327131,-1.514148,-0.13785543,-0.61556,-1.7241485,-0.20002957,-0.21499428,-0.921953,-0.061037563,-0.33335847,-1.2540061,-0.12735349,-0.42485717,-1.4701474,-0.19190344,-0.5109424,-1.6604879,-0.24214357,-0.09142918,-0.8392694,-0.12895833,-0.19766907,-1.0825411,-0.19516899,-0.28951982,-1.2393869,-0.2372189,-0.37793496,-1.3816923,-0.27108777,hello,
0.0,0.0,0.0,-0.24504344,-0.1305051,-0.03394761,-0.4093754,-0.4334712,-0.053324416,-0.40075865,-0.70417416,-0.08587671,-0.34121472,-0.92396814,-0.11918815,-0.40345988,-0.90383613,0.041204575,-0.49435773,-1.2318367,-0.011774744,-0.5580275,-1.4347395,-0.07563313,-0.6065087,-1.6150538,-0.13281782,-0.31212458,-0.95002,-0.006345688,-0.43627435,-1.3064219,-0.058000054,-0.5174768,-1.5365704,-0.13239734,-0.5923537,-1.7418797,-0.19243072,-0.20749511,-0.92458683,-0.06876791,-0.32683006,-1.2623905,-0.12732762,-0.41432053,-1.48102,-0.18902221,-0.49230215,-1.6689851,-0.23960884,-0.084065974,-0.8453512,-0.13903843,-0.1847942,-1.0912874,-0.19791932,-0.2670692,-1.2432853,-0.23500691,-0.34524634,-1.3758466,-0.266553,hello,
0.0,0.0,0.0,-0.23890106,-0.13513885,-0.04692364,-0.39957735,-0.44174418,-0.07537643,-0.3935433,-0.70985824,-0.11630797,-0.32324,-0.93147254,-0.15656976,-0.3674073,-0.9254294,0.02388336,-0.45007956,-1.2583162,-0.037577998,-0.5036261,-1.4658134,-0.105748855,-0.54561687,-1.6541404,-0.16600671,-0.27279285,-0.96184707,-0.020838752,-0.38183892,-1.3250525,-0.08194928,-0.44997856,-1.5602046,-0.15960205,-0.51309747,-1.7714837,-0.221025,-0.16813561,-0.9255869,-0.08153427,-0.28575763,-1.264897,-0.14944935,-0.3710732,-1.4800593,-0.21646869,-0.44769916,-1.6645882,-0.26895046,-0.05134789,-0.8323098,-0.15102702,-0.14770727,-1.0723774,-0.21930942,-0.23402053,-1.2259992,-0.26519182,-0.31537673,-1.3601876,-0.30173174,hello,
0.0,0.0,0.0,-0.2086439,-0.15569633,-0.047218755,-0.3685156,-0.46982813,-0.081484444,-0.36657113,-0.7305624,-0.12840697,-0.26363185,-0.91444594,-0.17808239,-0.30318478,-0.9665346,-0.0116269095,-0.3709964,-1.323747,-0.08354957,-0.41291484,-1.543685,-0.15473163,-0.44150865,-1.7431394,-0.21656847,-0.20435941,-0.9768058,-0.06393398,-0.30050242,-1.3745593,-0.13706227,-0.3603492,-1.6299295,-0.22090058,-0.4109155,-1.8653005,-0.28595385,-0.092786096,-0.9151479,-0.1293385,-0.2001955,-1.2813058,-0.21025248,-0.27701944,-1.515149,-0.28401646,-0.33953777,-1.716783,-0.33910194,0.031292755,-0.79496604,-0.20202492,-0.049498804,-1.0698658,-0.27759713,-0.11695358,-1.2372851,-0.32404515,-0.17417946,-1.3787345,-0.36076245,hello,
0.0,0.0,0.0,-0.19517139,-0.16338988,-0.05832136,-0.3269645,-0.47969595,-0.09014092,-0.28720728,-0.7222095,-0.12892807,-0.17213112,-0.8886983,-0.16877304,-0.25268552,-0.99181086,-0.025847621,-0.30002835,-1.3262087,-0.09005455,-0.334636,-1.5567287,-0.15473416,-0.3543399,-1.7657843,-0.2157752,-0.13512108,-0.98823893,-0.07159683,-0.2241295,-1.3628514,-0.15160716,-0.27854162,-1.614045,-0.23883916,-0.32549918,-1.8584104,-0.30464756,-0.017358826,-0.90160877,-0.12919608,-0.11330217,-1.2338717,-0.22320053,-0.17909102,-1.4751761,-0.30276906,-0.22969608,-1.6984254,-0.35712656,0.10430792,-0.7420426,-0.19330148,0.02530179,-1.0112236,-0.27957883,-0.038445998,-1.180631,-0.32960984,-0.085927196,-1.3268951,-0.36591646,hello,
0.0,0.0,0.0,-0.16734077,-0.19537751,-0.062408146,-0.2784998,-0.4955701,-0.11020074,-0.24445407,-0.7192971,-0.16600204,-0.13128892,-0.8810518,-0.22493479,-0.18175645,-1.0061773,-0.053511463,-0.22385573,-1.3650783,-0.13475046,-0.25079677,-1.593879,-0.20959827,-0.2571477,-1.7993761,-0.27560905,-0.06247516,-0.992551,-0.10459128,-0.14855652,-1.4021217,-0.19236924,-0.1979765,-1.6657798,-0.28710353,-0.23024487,-1.9149694,-0.35939807,0.057575475,-0.888563,-0.16697025,-0.03713524,-1.2654537,-0.27024424,-0.10041128,-1.5208521,-0.3563633,-0.14464712,-1.7483037,-0.41624448,0.1808182,-0.706659,-0.2348482,0.10136293,-0.984707,-0.33610097,0.029511945,-1.1632931,-0.39228642,-0.030822992,-1.3157508,-0.43160215,hello,
0.0,0.0,0.0,-0.2734159,-0.08782374,-0.04339576,-0.47587124,-0.37406436,-0.06473131,-0.50506556,-0.6641837,-0.09939577,-0.5022489,-0.9142051,-0.13265496,-0.5357854,-0.82313776,0.04748108,-0.66232216,-1.1247919,-0.011198959,-0.7556678,-1.3258939,-0.08020058,-0.8320866,-1.5084753,-0.14056619,-0.45309708,-0.8914603,0.0012547682,-0.6207587,-1.2149208,-0.05927808,-0.73648036,-1.4344993,-0.13455923,-0.8463168,-1.636497,-0.19228207,-0.34215215,-0.89172745,-0.062721156,-0.51521707,-1.1956276,-0.13236187,-0.63769937,-1.3917931,-0.19015351,-0.7500682,-1.5682453,-0.23348817,-0.20420781,-0.84263444,-0.13622488,-0.3437011,-1.0717245,-0.20550635,-0.45452955,-1.2208401,-0.2442134,-0.5592952,-1.3589622,-0.27371278,hello,
0.0,0.0,0.0,-0.2627603,-0.0922567,-0.037870094,-0.45416006,-0.38626593,-0.053479288,-0.4684148,-0.6636176,-0.08286205,-0.44954967,-0.8985642,-0.11147579,-0.4911641,-0.85165936,0.045855884,-0.6097416,-1.1504593,-0.009914176,-0.7044377,-1.3461527,-0.07510726,-0.7816649,-1.5225236,-0.13435982,-0.40576395,-0.9139715,-0.003444689,-0.5686972,-1.2432351,-0.068408504,-0.68698204,-1.462133,-0.1447342,-0.79894054,-1.6584679,-0.20185857,-0.29835716,-0.9024461,-0.06946962,-0.46620467,-1.2110698,-0.14590044,-0.59091765,-1.4087201,-0.21019794,-0.7042119,-1.5848738,-0.25660267,-0.16980833,-0.8353711,-0.14357617,-0.30597115,-1.054368,-0.21819167,-0.41772956,-1.1889915,-0.26120466,-0.5201812,-1.3132073,-0.29326674,hello,
0.0,0.0,0.0,-0.24436782,-0.1416665,-0.007658553,-0.41225934,-0.44579372,-0.009069516,-0.42964497,-0.6903694,-0.032431666,-0.35574698,-0.8745087,-0.055326574,-0.3548427,-0.928028,0.085139416,-0.4546173,-1.1975908,0.04474406,-0.5404728,-1.396708,-0.004336921,-0.5929241,-1.5761834,-0.053497616,-0.25850287,-0.9658563,0.017260041,-0.42273137,-1.2760426,-0.044805065,-0.52867204,-1.4920616,-0.10934948,-0.6179469,-1.6942517,-0.15406913,-0.15427428,-0.9304198,-0.065954305,-0.33265802,-1.1952846,-0.14847891,-0.4464579,-1.3865064,-0.20159914,-0.54093933,-1.565709,-0.23330064,-0.0557667,-0.8243935,-0.1555236,-0.19978015,-1.0221272,-0.23076957,-0.30740544,-1.1461039,-0.26605892,-0.3958426,-1.2554452,-0.28885502,hello,
0.0,0.0,0.0,-0.27107137,-0.18048073,-0.009387971,-0.4261254,-0.47022712,-0.037860394,-0.45968124,-0.6975026,-0.08877886,-0.40194866,-0.85151756,-0.14341576,-0.28685337,-0.9730824,0.025645122,-0.4209855,-1.2858634,-0.041958004,-0.5198523,-1.4927006,-0.11129312,-0.59326905,-1.6796314,-0.17494379,-0.19983664,-0.97835445,-0.05373883,-0.39819604,-1.3342524,-0.13520247,-0.5172068,-1.574795,-0.22254902,-0.6117794,-1.7999076,-0.28935882,-0.119425416,-0.9061133,-0.1448927,-0.33142373,-1.2192852,-0.24011452,-0.4608037,-1.4428539,-0.31838608,-0.5595299,-1.6447593,-0.3749891,-0.061869934,-0.7699598,-0.24032614,-0.2105044,-0.9959998,-0.3372415,-0.32181272,-1.1558276,-0.39685997,-0.41363445,-1.3118584,-0.44118935,hello,
0.0,0.0,0.0,-0.2688101,-0.17870943,-0.02395467,-0.4158751,-0.4507016,-0.06634416,-0.45269343,-0.6717053,-0.1234398,-0.40680242,-0.80171597,-0.18398204,-0.23856342,-0.99224025,-0.024832899,-0.4041567,-1.2691798,-0.10179828,-0.5235507,-1.4552037,-0.17329727,-0.6174252,-1.6255485,-0.23797484,-0.14358833,-0.98473036,-0.09843086,-0.3768306,-1.3228747,-0.18743606,-0.51815516,-1.5406001,-0.27044988,-0.6349831,-1.7375678,-0.3345539,-0.06557057,-0.88597256,-0.18167658,-0.30799574,-1.1770327,-0.2888126,-0.45626175,-1.3757437,-0.36633262,-0.5731496,-1.5559995,-0.42088637,-0.025758483,-0.7156098,-0.26795658,-0.21098045,-0.91145074,-0.37646866,-0.33551136,-1.041925,-0.4352021,-0.43632165,-1.1675036,-0.4766784,hello,
0.0,0.0,0.0,-0.2567996,-0.07006021,-0.01606474,-0.46760884,-0.37313443,-0.0061486014,-0.5088721,-0.64591825,-0.014157762,-0.5275551,-0.8880408,-0.019378595,-0.50680655,-0.8412755,0.101443864,-0.62685746,-1.060629,0.062332228,-0.7439806,-1.2395295,0.011577984,-0.83259356,-1.4030521,-0.040135566,-0.41631222,-0.9084367,0.03777529,-0.60380477,-1.1709727,-0.030981608,-0.73932457,-1.3523877,-0.09885004,-0.8800649,-1.5384779,-0.14419009,-0.30623513,-0.9022904,-0.044171877,-0.5078756,-1.1328237,-0.14176959,-0.64499736,-1.2948924,-0.19171728,-0.78394586,-1.4713681,-0.21653703,-0.18080334,-0.82461935,-0.13270438,-0.3566655,-1.0293599,-0.21789126,-0.4790506,-1.1549411,-0.25057793,-0.59253305,-1.2818757,-0.26970974,hello,
0.0,0.0,0.0,-0.2431098,-0.096482225,-0.020865556,-0.43639156,-0.3813427,-0.021676509,-0.4517679,-0.62964696,-0.04091146,-0.3983751,-0.8406166,-0.059160456,-0.43285075,-0.88508695,0.086130016,-0.54134715,-1.1373974,0.04577406,-0.64742404,-1.3315178,-0.009236005,-0.72604764,-1.5040079,-0.06617851,-0.33874136,-0.9405898,0.023347545,-0.5202252,-1.2325199,-0.041486982,-0.649682,-1.440406,-0.114894785,-0.77324724,-1.6349614,-0.16726775,-0.22677162,-0.9220172,-0.056319997,-0.4219826,-1.1671243,-0.14668424,-0.5537808,-1.3465583,-0.20421304,-0.677018,-1.5273088,-0.23831475,-0.10535044,-0.8295916,-0.1434122,-0.26317692,-1.0284666,-0.22861952,-0.3832363,-1.1574403,-0.26923278,-0.49422574,-1.2885156,-0.29546753,hello,
0.0,0.0,0.0,-0.23031153,-0.09378402,-0.010581548,-0.4244506,-0.41764677,0.010732231,-0.42867795,-0.67621464,0.008651413,-0.3486566,-0.8533133,0.0107045695,-0.3709448,-0.91093343,0.13002287,-0.47177094,-1.1420076,0.109563895,-0.5736451,-1.3429164,0.07372197,-0.6379904,-1.5119976,0.028187098,-0.26539296,-0.96196055,0.064795785,-0.44874483,-1.2425289,0.0034811955,-0.5702549,-1.4392715,-0.054322194,-0.6825494,-1.6371789,-0.09088919,-0.15683246,-0.93907547,-0.019572586,-0.35517293,-1.1622515,-0.107037656,-0.47980517,-1.3218722,-0.13941841,-0.5961147,-1.5067459,-0.15054718,-0.05877066,-0.8357784,-0.11348141,-0.21493715,-1.0346799,-0.19163041,-0.3350868,-1.1603713,-0.21911837,-0.43865597,-1.2853988,-0.23326187,hello,
0.0,0.0,0.0,-0.25135866,-0.1964436,-0.022801291,-0.38778466,-0.5118101,-0.052349642,-0.402744,-0.75519437,-0.10150333,-0.3365996,-0.9011874,-0.15347211,-0.23418412,-0.98810476,0.017593969,-0.35509512,-1.3021787,-0.054261025,-0.44802332,-1.5157796,-0.1268208,-0.51455057,-1.7059697,-0.19263688,-0.14419036,-0.98808515,-0.053821992,-0.32519546,-1.3606331,-0.13897589,-0.43409094,-1.6126125,-0.227478,-0.52046674,-1.841065,-0.29473993,-0.06384586,-0.9168701,-0.13878892,-0.26552403,-1.2467923,-0.23821208,-0.39024305,-1.4773204,-0.31993198,-0.48693556,-1.6795906,-0.37829155,-0.0066079297,-0.78479195,-0.22920966,-0.14376356,-1.0163556,-0.32881388,-0.24864507,-1.1851335,-0.3927797,-0.33679396,-1.3471344,-0.44081354,hello,
0.0,0.0,0.0,-0.2512971,-0.20864472,-0.00818741,-0.38336647,-0.49965662,-0.033348788,-0.38094002,-0.72006243,-0.083113566,-0.33152083,-0.9167333,-0.1374992,-0.28482673,-0.9636728,0.0348854,-0.38948113,-1.2736198,-0.04204912,-0.46511915,-1.4884679,-0.12019314,-0.5194581,-1.6834705,-0.18834163,-0.19494045,-0.9797202,-0.046331257,-0.345025,-1.3338424,-0.13682012,-0.4361308,-1.5847396,-0.23288472,-0.5116949,-1.8170017,-0.30510515,-0.10489597,-0.92555547,-0.14134428,-0.26018912,-1.2420905,-0.24101727,-0.36070687,-1.4620442,-0.32362345,-0.4403558,-1.658732,-0.38219365,-0.017009156,-0.80450815,-0.2415349,-0.13271508,-1.0438713,-0.33490497,-0.2284827,-1.2064376,-0.39430204,-0.31216994,-1.3558267,-0.43938285,hello,
0.0,0.0,0.0,-0.2619237,-0.18948227,-0.0062074517,-0.3877151,-0.5203758,-0.010981615,-0.38091484,-0.77058387,-0.038257517,-0.3558815,-0.96855026,-0.06706301,-0.27621445,-0.96054083,0.06678589,-0.39158484,-1.2797494,0.014055081,-0.476313,-1.48872,-0.04549979,-0.5394764,-1.672912,-0.09932701,-0.19190465,-0.98141295,0.0010814797,-0.36047432,-1.3312879,-0.06490232,-0.46251196,-1.5709199,-0.1414435,-0.54963803,-1.7910981,-0.19913435,-0.11327958,-0.9348891,-0.07947793,-0.28797534,-1.2498014,-0.1553395,-0.40019128,-1.4639494,-0.22443293,-0.49082303,-1.6508764,-0.27479523,-0.049361408,-0.8324651,-0.16600528,-0.18427907,-1.0572242,-0.2401369,-0.2883472,-1.2123117,-0.2913394,-0.37763128,-1.3596382,-0.33082223,hello,
0.0,0.0,0.0,-0.26690793,-0.21423675,-0.011973696,-0.3806368,-0.5471955,-0.023833407,-0.3722742,-0.7870192,-0.05620244,-0.3376701,-0.97833526,-0.08974922,-0.25645047,-0.9762887,0.052991424,-0.36552778,-1.3007656,-0.0066220434,-0.4450346,-1.515993,-0.070116736,-0.50226116,-1.7025777,-0.124435015,-0.16879496,-0.9855978,-0.010261754,-0.32293862,-1.3470151,-0.07844438,-0.41484195,-1.59497,-0.15681988,-0.4879009,-1.8198836,-0.21454197,-0.08715249,-0.9272896,-0.0874018,-0.242573,-1.2525986,-0.16464522,-0.34429216,-1.4761014,-0.23452602,-0.42356345,-1.6670183,-0.28419626,-0.020785192,-0.8114794,-0.17014077,-0.1381151,-1.0351685,-0.242429,-0.23118272,-1.1874026,-0.28829706,-0.30903935,-1.3262547,-0.32254344,hello,
0.0,0.0,0.0,-0.29414022,-0.018796945,-0.038670212,-0.52678007,-0.27823088,-0.050923076,-0.6052283,-0.5624364,-0.07854353,-0.6884007,-0.78989446,-0.10370378,-0.63884646,-0.73365825,0.07300345,-0.8429966,-0.9953918,0.023760568,-0.98224914,-1.1361004,-0.041296355,-1.1085995,-1.271634,-0.09934307,-0.5628054,-0.8261861,0.025818221,-0.80040497,-1.0858574,-0.025273988,-0.96524984,-1.2473772,-0.101701364,-1.1196802,-1.3926973,-0.1622406,-0.45038593,-0.8609408,-0.04056146,-0.6856138,-1.1291707,-0.10449729,-0.8518395,-1.287806,-0.16888802,-1.0043901,-1.4242197,-0.21885282,-0.30659643,-0.8654098,-0.1164125,-0.4797476,-1.0905577,-0.18447745,-0.6133364,-1.2305148,-0.22876227,-0.74264926,-1.3579314,-0.2631307,hello,
0.0,0.0,0.0,-0.33003742,-0.0767048,0.02254799,-0.54058474,-0.38113,0.047584526,-0.6191642,-0.6469161,0.040985532,-0.7007205,-0.8652692,0.034085445,-0.5732951,-0.779396,0.17257045,-0.75904053,-1.060767,0.14288828,-0.91042423,-1.2359273,0.09049694,-1.0387305,-1.3952937,0.040730942,-0.5121816,-0.8533941,0.09689452,-0.74812275,-1.1454723,0.051468268,-0.9272149,-1.334914,-0.023480436,-1.0927002,-1.5066061,-0.078404024,-0.42965025,-0.8813977,0.003044425,-0.6768401,-1.175102,-0.06254518,-0.8540424,-1.3443035,-0.12636182,-1.022347,-1.4876908,-0.16861457,-0.3349747,-0.87753224,-0.09602422,-0.5382676,-1.1180918,-0.1611708,-0.68543017,-1.2376516,-0.19950557,-0.83126986,-1.3339598,-0.22631088,hello,
0.0,0.0,0.0,-0.30402672,-0.085587434,0.011352722,-0.48904693,-0.42480564,0.032167904,-0.53632194,-0.7036721,0.025348645,-0.5736977,-0.9265652,0.019286677,-0.478858,-0.8470288,0.1393209,-0.63755304,-1.1089442,0.10635335,-0.772228,-1.2802879,0.05397617,-0.8869187,-1.4346371,0.0021007468,-0.40470085,-0.91193247,0.06779682,-0.6187637,-1.193921,0.015203904,-0.777867,-1.3882135,-0.0584092,-0.9280774,-1.5656135,-0.11332671,-0.32065243,-0.91159475,-0.021450665,-0.5439108,-1.1840988,-0.093128055,-0.7067262,-1.3528476,-0.16137695,-0.8571858,-1.498478,-0.20887487,-0.2445041,-0.8612171,-0.11627054,-0.42918372,-1.0615342,-0.18780178,-0.57219756,-1.1746953,-0.23581848,-0.70453995,-1.2812219,-0.27158692,hello,
0.0,0.0,0.0,-0.27629974,-0.21582662,-0.008468424,-0.38297573,-0.5481523,-0.025713723,-0.38711888,-0.8030932,-0.0569063,-0.40405276,-1.0048609,-0.09222924,-0.14864635,-0.99967545,0.00074674963,-0.3341332,-1.2777613,-0.06484506,-0.46556982,-1.471157,-0.13248095,-0.5720057,-1.6406602,-0.19246852,-0.06500055,-0.9956884,-0.06617918,-0.32234043,-1.3290654,-0.14188054,-0.48483798,-1.5431103,-0.22012395,-0.6138521,-1.7340599,-0.2814865,-0.015457998,-0.9038615,-0.14180236,-0.2709349,-1.222187,-0.23491052,-0.43618217,-1.4354115,-0.30872005,-0.56148964,-1.6243343,-0.36305416,-0.015207936,-0.74550664,-0.21933278,-0.22609058,-0.95392257,-0.32072496,-0.3729006,-1.0874087,-0.37793535,-0.4889343,-1.2136214,-0.41775376,hello,
0.0,0.0,0.0,-0.2874069,-0.24038304,-0.0273381,-0.40339184,-0.56549156,-0.05721391,-0.41548574,-0.8203262,-0.09716395,-0.42925718,-1.0368705,-0.13998188,-0.16962376,-1.0058918,-0.021492416,-0.35311455,-1.2736639,-0.09922827,-0.47964737,-1.4654769,-0.17582732,-0.5800668,-1.6414744,-0.24148917,-0.07613654,-0.9935365,-0.08419272,-0.32888597,-1.3274219,-0.16890763,-0.48390314,-1.5444077,-0.25253713,-0.60483295,-1.7459548,-0.3180918,-0.015370438,-0.89125746,-0.15760976,-0.26586893,-1.205812,-0.26223788,-0.4247126,-1.4255729,-0.34074083,-0.54334456,-1.6269013,-0.39739707,-0.0039788154,-0.72034353,-0.2340686,-0.21350132,-0.92346,-0.34599406,-0.35496622,-1.058719,-0.4064985,-0.4663298,-1.187838,-0.4476882,hello,
0.0,0.0,0.0,-0.26892886,-0.15463653,-0.07308327,-0.5107814,-0.43142825,-0.121971816,-0.49800906,-0.7056654,-0.18380986,-0.28946662,-0.82357734,-0.21977618,-0.40417647,-0.93057823,0.01906738,-0.5528528,-1.069387,-0.13033102,-0.5137621,-0.7556794,-0.19738396,-0.45003203,-0.69010264,-0.22652832,-0.23261508,-0.97239035,-0.018636355,-0.38322818,-1.0992541,-0.17505595,-0.3611698,-0.74447036,-0.18064873,-0.2937776,-0.71464247,-0.14028198,-0.062245212,-0.94622636,-0.0888667,-0.21534835,-1.0064676,-0.24232224,-0.2163064,-0.651947,-0.18204722,-0.15415055,-0.6281793,-0.09558845,0.11105404,-0.85999185,-0.17072925,-0.06292546,-0.8969267,-0.2452168,-0.091116935,-0.6576275,-0.19395587,-0.038115703,-0.6108808,-0.13067567,yes,
0.0,0.0,0.0,-0.2365145,-0.03511491,-0.18868351,-0.46735907,-0.2103952,-0.311718,-0.48236722,-0.37946603,-0.41742244,-0.2629307,-0.45422313,-0.48888534,-0.41462135,-0.8822524,-0.14049745,-0.56452936,-0.8185587,-0.33880612,-0.498554,-0.5180885,-0.44640324,-0.42606363,-0.47624782,-0.5049948,-0.22503689,-0.9651742,-0.13340622,-0.3613101,-0.79997474,-0.3265361,-0.32592985,-0.4885186,-0.35416177,-0.29439804,-0.48663622,-0.33335176,-0.04934556,-0.9145747,-0.1648826,-0.15984342,-0.6445447,-0.33016485,-0.15603846,-0.38970628,-0.29314247,-0.14358579,-0.4298997,-0.23338197,0.11306261,-0.8041784,-0.22091457,0.022128226,-0.5216765,-0.30952218,-5.9604354e-06,-0.33949602,-0.2943832,-0.0005203239,-0.36334637,-0.26050812,yes,
0.0,0.0,0.0,-0.22000463,-0.0115742255,-0.20410064,-0.4434558,-0.15815847,-0.34016544,-0.4772628,-0.27514517,-0.4541812,-0.27411595,-0.34748176,-0.5356662,-0.3991612,-0.89133096,-0.17258312,-0.52138877,-0.727333,-0.37237516,-0.4516129,-0.42419022,-0.48600397,-0.38491404,-0.40538272,-0.5518121,-0.19919746,-0.96729124,-0.15706088,-0.3100234,-0.6881748,-0.33308873,-0.27661675,-0.36434639,-0.35827428,-0.24874753,-0.39904386,-0.34699464,-0.008312885,-0.89820033,-0.1783208,-0.09482128,-0.55673015,-0.3301887,-0.106458485,-0.29276568,-0.28416157,-0.09638788,-0.3537437,-0.22722222,0.16372131,-0.76379704,-0.22581859,0.092400245,-0.43835518,-0.31316122,0.059198424,-0.2556874,-0.29408437,0.05647821,-0.29642054,-0.2598509,yes,
0.0,0.0,0.0,-0.21127628,-0.005349392,-0.20345904,-0.43055683,-0.116357975,-0.34531417,-0.46509492,-0.21132702,-0.4626106,-0.2605381,-0.2937298,-0.547533,-0.3874987,-0.88948613,-0.20334356,-0.4947748,-0.69309044,-0.3918134,-0.4373707,-0.39244398,-0.48823482,-0.3771872,-0.34715372,-0.5412141,-0.17720214,-0.9663745,-0.18633233,-0.2681039,-0.63825434,-0.3540005,-0.24836423,-0.32656327,-0.3745813,-0.23010361,-0.34808558,-0.36314458,0.019271106,-0.89872956,-0.20124124,-0.05903584,-0.5102467,-0.34340224,-0.0807972,-0.25958145,-0.29772532,-0.0787166,-0.31132045,-0.24518076,0.1939668,-0.76711524,-0.24152203,0.122944295,-0.41760242,-0.32497528,0.08379681,-0.23474094,-0.30479804,0.072774775,-0.26720884,-0.27090225,yes,
0.0,0.0,0.0,-0.2144609,0.0209158,-0.23608108,-0.40740064,-0.05848071,-0.40468872,-0.41324845,-0.11336293,-0.5391444,-0.22870027,-0.18293373,-0.641575,-0.41780373,-0.88946044,-0.2846849,-0.47707456,-0.53618073,-0.4974047,-0.41615012,-0.26171327,-0.6185622,-0.3523589,-0.26510236,-0.6926517,-0.18849118,-0.9469407,-0.26033485,-0.22888146,-0.45319873,-0.4520198,-0.2177811,-0.18092197,-0.49347126,-0.1951902,-0.2409422,-0.5056456,0.025343334,-0.8701978,-0.2650608,-0.010631941,-0.35366312,-0.42028204,-0.051408783,-0.12798238,-0.37542975,-0.06105039,-0.1989502,-0.33126366,0.20697108,-0.7357994,-0.29940134,0.15922163,-0.2937458,-0.40043184,0.10573644,-0.11079616,-0.38512525,0.08697669,-0.15967822,-0.35625234,yes,
0.0,0.0,0.0,-0.23377128,0.047707893,-0.2622533,-0.4423535,0.0839936,-0.462216,-0.3941472,0.18333037,-0.62734073,-0.17084135,0.20823094,-0.7604388,-0.4371317,-0.8668581,-0.37182677,-0.48012146,-0.3751643,-0.5905145,-0.4457495,-0.034985162,-0.70553064,-0.41124064,0.02497166,-0.77215934,-0.14018515,-0.9269779,-0.3479371,-0.13773094,-0.1282994,-0.53835857,-0.1609515,0.14084317,-0.5746364,-0.1877058,0.059794184,-0.5875902,0.13495311,-0.8220788,-0.35020858,0.108508326,-0.037296373,-0.51238227,0.03550267,0.13830543,-0.46334413,-0.026051756,0.024087114,-0.41371357,0.35830235,-0.6452152,-0.38337803,0.29926577,-0.029650232,-0.50568044,0.2136342,0.13146058,-0.48439002,0.15404607,0.065651596,-0.44144076,yes,
0.0,0.0,0.0,-0.21195173,0.0025557007,-0.23880333,-0.4363327,0.024759242,-0.42416504,-0.4373287,0.16283752,-0.57826257,-0.24600358,0.24979538,-0.70048475,-0.4351534,-0.893889,-0.34033993,-0.4789091,-0.31867298,-0.54087424,-0.4552742,-0.021828962,-0.63795775,-0.43373773,-0.035695698,-0.6943771,-0.13239379,-0.93582046,-0.32666793,-0.14091164,-0.09140596,-0.5027297,-0.1664797,0.12160025,-0.51951766,-0.19043623,-0.045649573,-0.51296943,0.15279865,-0.821304,-0.33667716,0.11573125,0.009141556,-0.48342144,0.044446666,0.15418638,-0.40551355,-0.0021601652,-0.00074363005,-0.3314626,0.38361067,-0.6363133,-0.3782943,0.31237292,0.025836414,-0.49759394,0.23208505,0.1505343,-0.46554312,0.19231611,0.03568551,-0.40849432,yes,
0.0,0.0,0.0,-0.30335706,-0.17383784,-0.07669917,-0.55055267,-0.49085888,-0.13215968,-0.52721924,-0.8299214,-0.20487143,-0.29598886,-0.97624457,-0.25593412,-0.452739,-0.9243391,0.03290258,-0.5506296,-1.2019291,-0.135084,-0.51990026,-0.9048879,-0.21902066,-0.46179375,-0.77525586,-0.24974203,-0.26820204,-0.96335346,-0.004219556,-0.3608755,-1.2587721,-0.17705904,-0.35499665,-0.9197734,-0.20199789,-0.30752388,-0.8195043,-0.1646502,-0.07718061,-0.9525273,-0.07488886,-0.16966592,-1.1859263,-0.24522255,-0.18245666,-0.82126355,-0.19690348,-0.14133456,-0.7119842,-0.10655988,0.13023178,-0.89084345,-0.15562746,-0.0012989884,-1.073276,-0.23587494,-0.033476107,-0.8125746,-0.17896406,0.00046562168,-0.6907707,-0.10559882,yes,
0.0,0.0,0.0,-0.24291588,-0.056667518,-0.18920319,-0.4425363,-0.31976664,-0.295376,-0.37157202,-0.51607084,-0.38427034,-0.13649975,-0.54652363,-0.43749294,-0.3481604,-0.92116266,-0.122020744,-0.4549798,-0.9000968,-0.32274193,-0.4094058,-0.5857115,-0.42924258,-0.35536513,-0.55582154,-0.48908645,-0.15440989,-0.9812948,-0.114969485,-0.24893157,-0.87563235,-0.31942174,-0.23956597,-0.54319024,-0.3446456,-0.22107466,-0.56458694,-0.31854364,0.014267137,-0.9226719,-0.15023011,-0.061357673,-0.7154125,-0.327684,-0.08250185,-0.4467899,-0.2907292,-0.08318917,-0.5077877,-0.22898205,0.17290029,-0.81490177,-0.21067518,0.1065492,-0.57098216,-0.31217378,0.07098467,-0.38623384,-0.30382547,0.061395694,-0.4359082,-0.27435192,yes,
0.0,0.0,0.0,-0.21068169,-0.012294951,-0.22640058,-0.41274515,-0.16093688,-0.36858478,-0.41384408,-0.288374,-0.48023385,-0.20274296,-0.35610214,-0.5555149,-0.3687949,-0.8930738,-0.20675495,-0.42149004,-0.7415347,-0.39971998,-0.38441995,-0.4399205,-0.50644517,-0.34525636,-0.44004494,-0.57100695,-0.15074645,-0.97232366,-0.17850013,-0.19421285,-0.6976367,-0.3529373,-0.20506564,-0.38452563,-0.3798739,-0.1967138,-0.43959507,-0.3733827,0.043937422,-0.9082668,-0.18545806,0.01491355,-0.54036754,-0.33698404,-0.044779412,-0.30145234,-0.30285794,-0.063995995,-0.38447088,-0.2587881,0.2186087,-0.77987725,-0.21972351,0.17856684,-0.43755975,-0.31564644,0.10604232,-0.26212603,-0.31014466,0.064300016,-0.30765662,-0.2879096,yes,
0.0,0.0,0.0,-0.21526293,0.009183163,-0.24260357,-0.41743547,-0.09713754,-0.4089892,-0.41249385,-0.15931462,-0.54077715,-0.20232585,-0.21993166,-0.63890874,-0.396763,-0.9052344,-0.25759584,-0.43067545,-0.60415876,-0.47583225,-0.38270298,-0.31017515,-0.6121462,-0.33389086,-0.31912774,-0.69839007,-0.15876554,-0.95939165,-0.23315486,-0.18944973,-0.5711252,-0.43556783,-0.19266899,-0.28786567,-0.48901564,-0.18008417,-0.34020442,-0.5045572,0.048823457,-0.87710583,-0.24137677,0.01602783,-0.44265237,-0.41066858,-0.03453024,-0.21610355,-0.37862194,-0.05385342,-0.28992513,-0.33732122,0.2210168,-0.7345004,-0.2791367,0.18472502,-0.3442258,-0.3912739,0.11825558,-0.17059599,-0.3843011,0.08068917,-0.22233726,-0.35931203,yes,
0.0,0.0,0.0,-0.21413893,0.03610391,-0.31238276,-0.38391793,0.0041433186,-0.5433897,-0.33739033,0.013222755,-0.72696865,-0.16025373,-0.0005314741,-0.87925595,-0.41731775,-0.8572636,-0.43991813,-0.47212422,-0.45470285,-0.7033587,-0.43130243,-0.21716298,-0.8375132,-0.37002435,-0.21591344,-0.90744823,-0.14757049,-0.9076081,-0.39302734,-0.13949718,-0.3511199,-0.6163704,-0.1702391,-0.12227045,-0.6518998,-0.18978947,-0.22392656,-0.65564245,0.09903248,-0.8084718,-0.37874785,0.07858863,-0.19434178,-0.5782659,-0.015563524,-0.026759775,-0.5278651,-0.07212452,-0.13944346,-0.47013596,0.28428236,-0.6410764,-0.39731988,0.23273222,-0.1630162,-0.53414184,0.13238144,-0.009696029,-0.5124489,0.08691678,-0.05572693,-0.4706569,yes,
0.0,0.0,0.0,-0.21900786,0.04256384,-0.2663888,-0.41598088,0.090777054,-0.4799763,-0.35200137,0.3060807,-0.65929556,-0.14510913,0.46414378,-0.8130916,-0.4814471,-0.82982445,-0.41613823,-0.52041644,-0.28685105,-0.68327194,-0.5240684,0.07864226,-0.85127574,-0.5062271,0.17861514,-0.9510999,-0.1626128,-0.9012442,-0.4016416,-0.12958017,-0.081578314,-0.61924106,-0.19234994,0.16577254,-0.6761633,-0.24471611,0.093700774,-0.7071568,0.14025944,-0.78362745,-0.41369513,0.13022076,0.058720086,-0.58366674,0.014111756,0.25090283,-0.52483785,-0.06883247,0.15053643,-0.47215745,0.38001123,-0.59161097,-0.45991036,0.32506713,0.07247859,-0.5823489,0.20582598,0.23988329,-0.5509803,0.13810131,0.17320246,-0.5045654,yes,
0.0,0.0,0.0,-0.23928908,0.056014553,-0.2744071,-0.4493094,0.16318336,-0.5086434,-0.40782997,0.43471053,-0.7083827,-0.23288952,0.6479852,-0.8778382,-0.5230551,-0.81864697,-0.45997095,-0.56588244,-0.18449672,-0.739898,-0.56603307,0.23749976,-0.905987,-0.5664341,0.3894615,-0.9999355,-0.17277783,-0.87524086,-0.45177564,-0.13864449,0.12764731,-0.6798028,-0.21179488,0.32365465,-0.73547673,-0.29033452,0.19188677,-0.7620363,0.16834667,-0.7392804,-0.46768886,0.14242671,0.25963604,-0.63512135,0.04198461,0.35426772,-0.5536901,-0.035822507,0.15860017,-0.48139176,0.43956003,-0.52930653,-0.52022207,0.37071106,0.22371158,-0.64964116,0.2661138,0.3217702,-0.59900475,0.21584663,0.16879347,-0.5283745,yes,
0.0,0.0,0.0,-0.293971,-0.22384371,-0.059317928,-0.49418652,-0.6063548,-0.09604825,-0.4182902,-0.97213167,-0.15687943,-0.19382483,-1.1225461,-0.1971555,-0.37037855,-0.97423506,0.06591359,-0.4457164,-1.3103607,-0.0987836,-0.44079506,-0.99664676,-0.18037303,-0.39687467,-0.8305622,-0.20435427,-0.18552351,-0.9823512,0.023817874,-0.24729948,-1.3340101,-0.14536929,-0.2657683,-0.9852103,-0.17387709,-0.22805697,-0.8456814,-0.13601013,0.005515004,-0.95032924,-0.0509275,-0.05763631,-1.2469305,-0.22257529,-0.09359665,-0.8564666,-0.17384155,-0.06681572,-0.6794096,-0.07774558,0.2108783,-0.869722,-0.13410266,0.10610282,-1.1228225,-0.21356855,0.05261696,-0.8532714,-0.15057854,0.07150023,-0.6812922,-0.06965381,yes,
0.0,0.0,0.0,-0.24410295,-0.15270226,-0.13060728,-0.4452823,-0.53576726,-0.20463254,-0.31589785,-0.81829983,-0.2816131,-0.0321342,-0.87236893,-0.32453564,-0.32455242,-0.9846153,-0.054229926,-0.36016226,-1.3017639,-0.2600847,-0.34968972,-0.9643557,-0.35034737,-0.31836236,-0.80542976,-0.382022,-0.11139229,-0.9909292,-0.07517327,-0.11374622,-1.2800885,-0.30147278,-0.13749985,-0.89524287,-0.33177453,-0.13032028,-0.8045264,-0.28745487,0.09092038,-0.93364567,-0.13473758,0.105057985,-1.0323553,-0.3208456,0.037763447,-0.6781332,-0.26812333,0.010690836,-0.6535287,-0.17819946,0.29602084,-0.83596635,-0.21254279,0.27910665,-0.87877774,-0.2851141,0.20803005,-0.64022434,-0.23282942,0.18623336,-0.6166169,-0.17028673,yes,
0.0,0.0,0.0,-0.22854732,-0.087518066,-0.19426976,-0.3730799,-0.3394435,-0.30845174,-0.22101888,-0.4930528,-0.40245715,-0.0008984287,-0.5352481,-0.4614816,-0.2623903,-0.9448151,-0.14702927,-0.23497754,-0.9620942,-0.3595608,-0.22881892,-0.65474725,-0.48439535,-0.22032906,-0.53241974,-0.55396444,-0.061044388,-0.988619,-0.13749921,-0.01757439,-0.8673498,-0.35473496,-0.050768163,-0.5467147,-0.4110488,-0.07707286,-0.5169876,-0.4111331,0.11692035,-0.9149753,-0.1670142,0.17945716,-0.7444208,-0.35943604,0.10686188,-0.49033278,-0.34549725,0.039808214,-0.52228,-0.3025886,0.28077337,-0.78828096,-0.22012703,0.33530083,-0.55400306,-0.35662454,0.2515807,-0.3744172,-0.37011254,0.17198493,-0.41834098,-0.35305458,yes,
0.0,0.0,0.0,-0.20058973,-0.055024303,-0.24996716,-0.32824492,-0.23331775,-0.4114664,-0.18990721,-0.31551284,-0.539304,0.009446008,-0.37300327,-0.6255933,-0.2360071,-0.9182566,-0.25492057,-0.1866349,-0.8239833,-0.48850146,-0.18819179,-0.57841855,-0.6031091,-0.18602239,-0.4895085,-0.662388,-0.030131903,-0.97430634,-0.22320226,0.0295404,-0.7130218,-0.45504543,-0.031036885,-0.40344667,-0.48711058,-0.050347418,-0.42825866,-0.4715411,0.14742069,-0.89575416,-0.23217443,0.2021243,-0.5504009,-0.43204337,0.09903587,-0.31340778,-0.3919025,0.040411662,-0.3778065,-0.33503208,0.30099735,-0.75512034,-0.2710871,0.3324649,-0.4139503,-0.4227813,0.23219284,-0.25206926,-0.43676883,0.154481,-0.31481037,-0.41862747,yes,
0.0,0.0,0.0,-0.20882808,0.0065083937,-0.26230377,-0.35509524,-0.09094829,-0.44084662,-0.24265482,-0.11126544,-0.58048975,-0.04140073,-0.15606387,-0.68331826,-0.2592686,-0.9163431,-0.31290555,-0.20508777,-0.5956886,-0.54162806,-0.22161086,-0.30969998,-0.66701347,-0.23225899,-0.3005493,-0.7423808,-0.009168615,-0.96062624,-0.27769268,0.043598272,-0.4899734,-0.48887566,-0.030013235,-0.18793125,-0.52983946,-0.05902336,-0.23767471,-0.53958416,0.20043162,-0.8740593,-0.27619323,0.24490114,-0.3773386,-0.47340247,0.13461174,-0.13061912,-0.44318596,0.07494429,-0.18903308,-0.39890495,0.37955707,-0.7209556,-0.3025926,0.39622387,-0.33084646,-0.44521642,0.29284608,-0.14057437,-0.44824705,0.22352295,-0.17386676,-0.42571047,yes,
0.0,0.0,0.0,-0.23159032,0.026072802,-0.27775088,-0.4042873,-0.028031804,-0.4824946,-0.27309406,0.015128846,-0.64506334,-0.030336741,0.02828382,-0.77117676,-0.30408,-0.8829376,-0.38580337,-0.2387544,-0.51389825,-0.6115328,-0.22474633,-0.25141943,-0.7300815,-0.21948723,-0.22845027,-0.80529904,-0.038233012,-0.9356213,-0.35092878,0.024751278,-0.32707813,-0.56464016,-0.051359028,-0.07545013,-0.6027692,-0.089799054,-0.14221154,-0.6163115,0.18829778,-0.84331656,-0.3453782,0.22930181,-0.20325679,-0.51048744,0.112940006,-0.026350645,-0.46004236,0.04278536,-0.13576125,-0.4170197,0.379826,-0.67721546,-0.3743393,0.37295893,-0.17265981,-0.498705,0.26444253,-0.027683519,-0.4929793,0.19682723,-0.10692643,-0.4700901,yes,
0.0,0.0,0.0,-0.27542967,-0.20439158,-0.074442305,-0.4717094,-0.52810496,-0.13345255,-0.4546684,-0.85897595,-0.21300536,-0.31647736,-1.1213214,-0.27030122,-0.3762768,-0.9666649,0.032262698,-0.45738825,-1.2910098,-0.15372397,-0.43923905,-1.0076352,-0.24946886,-0.3860607,-0.8188247,-0.2763844,-0.20197019,-0.97937477,-0.0057462715,-0.26492795,-1.3077594,-0.1868093,-0.26699984,-0.94141674,-0.21916084,-0.22556095,-0.7760122,-0.18289736,-0.015600537,-0.94908744,-0.07759806,-0.079737075,-1.2192363,-0.2562061,-0.09818022,-0.83615553,-0.20287347,-0.06025931,-0.663078,-0.10491925,0.18293841,-0.8705269,-0.15805998,0.09151782,-1.1146605,-0.24024357,0.047314797,-0.85282,-0.17186433,0.066518895,-0.69200784,-0.08608984,yes,
0.0,0.0,0.0,-0.24901855,-0.11941642,-0.17057899,-0.45333433,-0.42074436,-0.27271506,-0.3489399,-0.6855438,-0.37107593,-0.12255969,-0.80651665,-0.43561542,-0.34726265,-0.9610942,-0.07580766,-0.3637274,-1.1998993,-0.32126123,-0.34534645,-0.8821869,-0.4483435,-0.3141441,-0.7154943,-0.5014929,-0.13522017,-0.98691034,-0.08788302,-0.124624066,-1.1411053,-0.341734,-0.14612351,-0.7409863,-0.38944393,-0.15187885,-0.6787088,-0.35814592,0.061757583,-0.93810546,-0.14684582,0.08479771,-0.96814114,-0.37780216,0.023268212,-0.59178257,-0.3342477,-0.01391606,-0.5880027,-0.24585669,0.25175142,-0.83820593,-0.22636111,0.2541718,-0.7906296,-0.35334462,0.1862271,-0.5215353,-0.3176119,0.14964078,-0.52146286,-0.25680503,yes,
0.0,0.0,0.0,-0.21556728,-0.05369366,-0.20205142,-0.36940286,-0.22771016,-0.33326548,-0.25932026,-0.3204799,-0.4408574,-0.04584621,-0.36125487,-0.5160714,-0.2899805,-0.9217308,-0.17471473,-0.25304124,-0.7854786,-0.3812262,-0.25008535,-0.5031117,-0.50839895,-0.24966624,-0.4329629,-0.58362746,-0.08550389,-0.98286307,-0.16330738,-0.050185904,-0.7394547,-0.36560196,-0.08720046,-0.4381669,-0.4221137,-0.10435415,-0.4219766,-0.43028605,0.09608066,-0.9150684,-0.18644398,0.13435255,-0.6414502,-0.36720926,0.062283218,-0.38502842,-0.35411367,0.014053809,-0.40263292,-0.316366,0.26038238,-0.78846186,-0.23395227,0.27710837,-0.47854885,-0.36279932,0.18316388,-0.2898649,-0.3758814,0.10682421,-0.31777537,-0.3605747,yes,
0.0,0.0,0.0,-0.2477935,-0.1321772,-0.13833995,-0.4770528,-0.44044244,-0.21634567,-0.5037584,-0.765761,-0.29783607,-0.34157884,-0.9745968,-0.34437296,-0.41046083,-0.9347762,-0.010717334,-0.4975647,-1.1967828,-0.20674042,-0.471981,-0.85921896,-0.28971487,-0.42966652,-0.76113975,-0.31663692,-0.22341657,-0.97436196,-0.026529122,-0.3017333,-1.1972244,-0.22785288,-0.30046573,-0.7842799,-0.23937644,-0.26619166,-0.74365216,-0.18754715,-0.030966038,-0.9446557,-0.086162984,-0.10404229,-1.1157539,-0.2893538,-0.117522754,-0.70505667,-0.21947816,-0.08332978,-0.6622051,-0.11107769,0.17707448,-0.8683122,-0.16154484,0.081031315,-0.9805226,-0.2643854,0.04159325,-0.6966663,-0.20306367,0.058401275,-0.6351037,-0.12309433,yes,
0.0,0.0,0.0,-0.19567828,-0.03630083,-0.23982638,-0.38147867,-0.21526584,-0.39676082,-0.38561386,-0.39851817,-0.52973133,-0.21297142,-0.53047127,-0.6260113,-0.33909613,-0.8880041,-0.19428298,-0.41920546,-0.8286389,-0.4331636,-0.37479222,-0.5679342,-0.5576053,-0.31772897,-0.5034592,-0.61785954,-0.1471152,-0.9745033,-0.16941202,-0.18987894,-0.76969284,-0.39126584,-0.19108288,-0.45372063,-0.42077202,-0.18661992,-0.4923401,-0.3978994,0.037233826,-0.926594,-0.19003002,0.009563598,-0.64013666,-0.3873281,-0.029564966,-0.39131302,-0.34767574,-0.04787161,-0.4573901,-0.28484377,0.20282543,-0.8154812,-0.23928899,0.18167172,-0.515568,-0.36120257,0.12635782,-0.32988566,-0.3539506,0.09246655,-0.37503895,-0.32138893,yes,
0.0,0.0,0.0,-0.18150775,0.003346656,-0.2796694,-0.36497533,-0.092850305,-0.48385084,-0.3951723,-0.16302224,-0.6512017,-0.224477,-0.24447231,-0.7840162,-0.347871,-0.8939537,-0.33438668,-0.4081643,-0.6049765,-0.5882354,-0.36399877,-0.3353941,-0.7210347,-0.3099011,-0.3310672,-0.79408014,-0.12367515,-0.9473308,-0.29541305,-0.1497037,-0.5430349,-0.5276287,-0.16731432,-0.24508102,-0.5611863,-0.16630486,-0.32818815,-0.553378,0.08480359,-0.866225,-0.29316717,0.05333081,-0.41067266,-0.48424193,-0.012829112,-0.19144991,-0.43036222,-0.038004242,-0.27621815,-0.36926267,0.25106236,-0.7227387,-0.32385764,0.22759038,-0.32226294,-0.45111513,0.14793581,-0.15689594,-0.44072485,0.1082323,-0.21286213,-0.40876615,yes,
0.0,0.0,0.0,-0.25505877,0.084254675,-0.29048672,-0.49965492,0.1499179,-0.51278776,-0.46689153,0.32895967,-0.6981684,-0.27841362,0.42571673,-0.84979504,-0.47893694,-0.8327896,-0.41941115,-0.5062914,-0.4158157,-0.6665689,-0.50285786,-0.19346394,-0.7939509,-0.4935281,-0.19075723,-0.8662362,-0.15498967,-0.9063724,-0.39302307,-0.11692962,-0.045516513,-0.61036944,-0.1646283,0.13392109,-0.63855135,-0.21372023,-0.041143224,-0.63764405,0.1524211,-0.80209035,-0.39768013,0.16527858,0.07177862,-0.5803096,0.082809,0.18677779,-0.49673432,0.018340737,0.008342052,-0.41367412,0.40399018,-0.62860215,-0.44013062,0.38105276,0.04292062,-0.5936214,0.29051372,0.17698012,-0.56732005,0.23481937,0.06205948,-0.5080543,yes,
0.0,0.0,0.0,-0.2688922,0.054238982,-0.3119588,-0.54163754,0.09180479,-0.5326831,-0.53794885,0.31222916,-0.70201254,-0.3395457,0.4544776,-0.83346796,-0.4527057,-0.8678227,-0.4688389,-0.44356972,-0.13476038,-0.68834656,-0.4545145,0.1084441,-0.78795254,-0.47430557,-0.022429047,-0.8510895,-0.09189338,-0.9033162,-0.41901743,-0.057911348,0.09467929,-0.62646866,-0.1531553,0.19894466,-0.6476182,-0.23158251,-0.10102707,-0.64523715,0.24062811,-0.7869278,-0.3915489,0.23306672,0.15799086,-0.5646899,0.11474402,0.16009499,-0.48050195,0.033105507,-0.14282253,-0.39885998,0.49654266,-0.6081265,-0.4014989,0.4571492,0.10332367,-0.55685705,0.35023564,0.12603989,-0.5395855,0.28578305,-0.10114621,-0.48689076,yes,
0.0,0.0,0.0,-0.2848637,-0.2518474,-0.051997215,-0.47620222,-0.6262441,-0.086887844,-0.45729855,-0.9866451,-0.15247136,-0.2772102,-1.2404935,-0.19945943,-0.31231934,-0.96251124,0.11916025,-0.40934354,-1.2442211,-0.043269075,-0.40194398,-0.9748157,-0.12365737,-0.33323196,-0.8548384,-0.14285742,-0.1565713,-0.9843947,0.080326654,-0.23605864,-1.2967887,-0.08445159,-0.24510361,-0.9298353,-0.10653029,-0.17684871,-0.81218666,-0.060899884,0.012543513,-0.968279,0.0041934354,-0.07324283,-1.2826986,-0.16922264,-0.10924372,-0.90022445,-0.11770537,-0.0514782,-0.7345725,-0.015101667,0.20096616,-0.9129845,-0.07942196,0.10103152,-1.2194805,-0.15331979,0.036932427,-0.9914619,-0.09005157,0.06254142,-0.83561546,-0.0063680103,yes,
0.0,0.0,0.0,-0.27367005,-0.23459758,-0.06356352,-0.47617552,-0.6052931,-0.10740845,-0.47626284,-0.9724491,-0.17842254,-0.28881574,-1.2164981,-0.22881234,-0.31572908,-0.9632291,0.09068119,-0.4186983,-1.2538567,-0.07718133,-0.4067234,-0.9792428,-0.15394937,-0.33702147,-0.86622846,-0.17035605,-0.15580451,-0.9861761,0.056406345,-0.24587634,-1.3028826,-0.10871499,-0.25287563,-0.9308272,-0.121197715,-0.18535157,-0.82471365,-0.06961868,0.016641367,-0.9648454,-0.015309428,-0.076199315,-1.2779108,-0.19163169,-0.106435314,-0.8821728,-0.13372551,-0.04423757,-0.726863,-0.026879277,0.20790738,-0.90259635,-0.0950814,0.109177664,-1.1962578,-0.17130412,0.04894879,-0.9652539,-0.1081011,0.07731129,-0.819214,-0.024753634,yes,
0.0,0.0,0.0,-0.24082604,-0.1227045,-0.1590229,-0.46745297,-0.4564277,-0.24618593,-0.42408866,-0.7739399,-0.33603743,-0.20452142,-0.9231397,-0.38873136,-0.34970167,-0.9777417,-0.043546587,-0.3980558,-1.2646134,-0.2775937,-0.37894973,-0.9089757,-0.3814726,-0.34716153,-0.7708107,-0.41646755,-0.14954092,-0.98692787,-0.06009089,-0.18512218,-1.1972489,-0.30326322,-0.20284575,-0.78293747,-0.3308495,-0.19040081,-0.7574988,-0.2838322,0.045099057,-0.9319841,-0.12570105,0.024533255,-1.0478553,-0.35828805,-0.024465071,-0.65388346,-0.29987845,-0.028578397,-0.6584292,-0.19582568,0.24798448,-0.83724153,-0.21006043,0.21318445,-0.91907537,-0.3239096,0.15214738,-0.6403267,-0.26927832,0.14321968,-0.61165136,-0.19451495,yes,
0.0,0.0,0.0,-0.23047875,-0.12045672,-0.14535001,-0.45648056,-0.4699541,-0.22486332,-0.41886175,-0.7835884,-0.30684766,-0.20642528,-0.9313587,-0.3528029,-0.34316212,-0.97814107,-0.041974675,-0.39620432,-1.2659427,-0.2593596,-0.3846276,-0.91342604,-0.35334867,-0.35155517,-0.77651304,-0.38418278,-0.14037365,-0.9882714,-0.060123768,-0.18193154,-1.219811,-0.289047,-0.2095379,-0.8140981,-0.31163394,-0.19370446,-0.77903086,-0.26224247,0.05693135,-0.9337536,-0.12289198,0.02063567,-1.0654674,-0.33971834,-0.030806193,-0.6714984,-0.27680138,-0.024384558,-0.66308504,-0.1719163,0.2632601,-0.8396062,-0.20316367,0.20957747,-0.9311532,-0.3101287,0.1458476,-0.6587355,-0.2534244,0.14353827,-0.626018,-0.17781837,yes,
0.0,0.0,0.0,-0.1963281,-0.05429902,-0.21500462,-0.390612,-0.293945,-0.3407662,-0.4034836,-0.49480474,-0.44718802,-0.23646323,-0.61560696,-0.512501,-0.30542073,-0.9321369,-0.1345496,-0.37177503,-0.9432277,-0.35747075,-0.34166107,-0.63290644,-0.46883577,-0.302454,-0.54218817,-0.51953375,-0.11368845,-0.9870662,-0.11302789,-0.15594709,-0.85213614,-0.32276925,-0.1738775,-0.50901425,-0.3451755,-0.17378032,-0.54935575,-0.31409016,0.06254199,-0.9259671,-0.13853553,0.029438231,-0.70580053,-0.326288,-0.014724408,-0.43519598,-0.28192678,-0.02521549,-0.50833106,-0.21212351,0.22747095,-0.8168766,-0.19065979,0.19877057,-0.5931208,-0.30064708,0.14156939,-0.4020785,-0.28640646,0.114224486,-0.45184347,-0.2480219,yes,
0.0,0.0,0.0,-0.1977284,-0.043226097,-0.23702507,-0.38249415,-0.23819128,-0.38305068,-0.37295645,-0.4054004,-0.5007848,-0.1774051,-0.5069772,-0.5782629,-0.3125852,-0.9218936,-0.18962643,-0.3599458,-0.82701945,-0.40777063,-0.3302388,-0.53569305,-0.51950777,-0.28551152,-0.5091264,-0.5791651,-0.11332662,-0.9801054,-0.16294342,-0.13990214,-0.77060723,-0.37593517,-0.16794738,-0.45874712,-0.40884194,-0.16238984,-0.5101767,-0.39184833,0.065306716,-0.9145974,-0.17859423,0.050637856,-0.61912787,-0.3697422,-0.0063378494,-0.37624928,-0.3378636,-0.021013033,-0.46249282,-0.28129727,0.2334279,-0.7965759,-0.22202615,0.21667136,-0.5111642,-0.3409612,0.1481566,-0.32834986,-0.33753127,0.10915385,-0.38144845,-0.30901688,yes,
0.0,0.0,0.0,-0.19656585,-0.017335773,-0.2872896,-0.3559467,-0.10834944,-0.48889625,-0.286591,-0.1321613,-0.6477125,-0.104549244,-0.16294424,-0.7716489,-0.30847257,-0.891402,-0.3661993,-0.32224637,-0.58835393,-0.5983792,-0.3199398,-0.35832024,-0.7118097,-0.31686974,-0.3564134,-0.7747995,-0.0761604,-0.943275,-0.32315913,-0.058177665,-0.4625254,-0.5426077,-0.10373627,-0.25102308,-0.58582765,-0.13500898,-0.35261717,-0.59324354,0.13357946,-0.86691886,-0.31281435,0.13982256,-0.35563534,-0.5092123,0.057509277,-0.19371188,-0.47852623,-0.00010587611,-0.31207886,-0.43602604,0.3045179,-0.7281706,-0.33335647,0.30595443,-0.29434443,-0.47992545,0.2228233,-0.1347297,-0.4835513,0.16707557,-0.1918477,-0.45992467,yes,
0.0,0.0,0.0,-0.30794534,0.08911086,-0.31984288,-0.6189132,0.12919089,-0.53380996,-0.6549989,0.32853127,-0.69675654,-0.46310288,0.37784022,-0.8205639,-0.4670952,-0.86916816,-0.47341728,-0.47516334,-0.12509038,-0.71211433,-0.4887914,0.09170604,-0.83203655,-0.49584457,-0.07945072,-0.91187656,-0.076964885,-0.89923257,-0.43064743,-0.06539453,0.1527648,-0.65563935,-0.16863419,0.2787681,-0.6853808,-0.24585451,-0.040678084,-0.68959475,0.27200985,-0.75916946,-0.4134508,0.24748379,0.25201526,-0.6060066,0.11081997,0.32171273,-0.5068159,0.03019503,0.03652204,-0.41248888,0.5358733,-0.5428365,-0.43655944,0.4814152,0.21971346,-0.6097564,0.3481552,0.29813352,-0.587914,0.26897112,0.111634746,-0.530133,yes,
0.0,0.0,0.0,-0.28976464,-0.23842093,-0.06570182,-0.48383006,-0.6265909,-0.09918546,-0.47074875,-1.0005529,-0.15689056,-0.3330148,-1.2991084,-0.19441117,-0.3069685,-0.97459924,0.09953438,-0.38558954,-1.2366043,-0.0568742,-0.38546434,-0.9465497,-0.12905596,-0.32315862,-0.8364528,-0.14653179,-0.14816602,-0.98648846,0.069908984,-0.22281078,-1.2733859,-0.090169385,-0.24035305,-0.8721735,-0.1007205,-0.17030393,-0.7592468,-0.050661292,0.021208648,-0.95269513,0.0023892797,-0.0650306,-1.2479107,-0.16865537,-0.10834796,-0.8457367,-0.10523828,-0.047965754,-0.6956515,0.0009931821,0.20928462,-0.8788669,-0.07323964,0.10882516,-1.1611123,-0.15115559,0.035294622,-0.91402054,-0.085524514,0.059055425,-0.7653438,-0.0013846428,yes,
0.0,0.0,0.0,-0.26276624,-0.24505296,-0.08372991,-0.44658145,-0.60497147,-0.13268854,-0.42458993,-0.9564254,-0.20092994,-0.25305375,-1.1905177,-0.24228758,-0.30710956,-0.9934655,0.054826625,-0.37216395,-1.2963014,-0.12387091,-0.37392318,-0.9833691,-0.202079,-0.3298968,-0.8660752,-0.22129717,-0.13380955,-0.99069875,0.024719048,-0.18608306,-1.2837481,-0.15908766,-0.21075326,-0.9014066,-0.17822935,-0.16687939,-0.8152446,-0.13131052,0.04828565,-0.94411504,-0.04326778,-0.010868976,-1.1999054,-0.23669215,-0.057818003,-0.80704826,-0.17690066,-0.018727288,-0.6895517,-0.069087334,0.24447876,-0.8528284,-0.12056836,0.15531726,-1.095352,-0.21075325,0.08862476,-0.8384791,-0.14383104,0.10636047,-0.7079499,-0.056159783,yes,
0.0,0.0,0.0,-0.25744957,-0.236709,-0.0791958,-0.43805608,-0.62092495,-0.12095494,-0.42663047,-0.9876051,-0.18326648,-0.26316836,-1.258405,-0.22025436,-0.28535056,-0.9843751,0.08761041,-0.3611856,-1.2568097,-0.08518519,-0.35385653,-0.95452034,-0.1600833,-0.30337012,-0.85491955,-0.17670785,-0.12394542,-0.99061525,0.057609595,-0.18921177,-1.280194,-0.11997283,-0.20903164,-0.88726765,-0.13465257,-0.15732788,-0.80809975,-0.08257011,0.04860434,-0.94677883,-0.012412095,-0.022312542,-1.2100697,-0.20655231,-0.06607984,-0.80601066,-0.14377937,-0.021111041,-0.69590867,-0.03160166,0.238303,-0.8599779,-0.09114499,0.14100423,-1.1003708,-0.18385594,0.08021922,-0.83927435,-0.11714097,0.10760422,-0.71662265,-0.028125213,yes,
0.0,0.0,0.0,-0.21654421,-0.17036884,-0.14648443,-0.39405927,-0.51154727,-0.22756165,-0.38747048,-0.83997494,-0.31132296,-0.24567649,-1.0753986,-0.35863543,-0.28696567,-1.0031507,-0.014850034,-0.33051154,-1.2775469,-0.22230925,-0.3432919,-0.94519985,-0.30934405,-0.31774947,-0.8243586,-0.33331218,-0.09978147,-0.99468267,-0.025495928,-0.13309951,-1.2190251,-0.2395977,-0.1812931,-0.80447364,-0.25742036,-0.16228205,-0.7657776,-0.2063837,0.08684592,-0.93168014,-0.08123692,0.051776282,-1.0950357,-0.29930976,-0.011156829,-0.6980636,-0.23252353,0.0037715118,-0.66869056,-0.12268974,0.27974436,-0.8262069,-0.15224868,0.22448675,-0.9680438,-0.26304233,0.15856099,-0.6965871,-0.2002134,0.16362129,-0.64045846,-0.11654961,yes,
0.0,0.0,0.0,-0.18867451,-0.06653092,-0.20333016,-0.3606887,-0.3177179,-0.32337877,-0.35007852,-0.5361326,-0.42869157,-0.18502173,-0.6809825,-0.4957102,-0.2633027,-0.9409927,-0.11617879,-0.32691237,-1.0122768,-0.3473433,-0.3145853,-0.7057541,-0.47373578,-0.28420028,-0.56406766,-0.53155917,-0.07762103,-0.99187124,-0.10082864,-0.10484418,-0.87888277,-0.31931162,-0.13582952,-0.541388,-0.36143643,-0.1433688,-0.5436538,-0.34315965,0.093316846,-0.92551774,-0.13185965,0.07391588,-0.7335943,-0.3263428,0.017166138,-0.4531402,-0.29371464,-0.0042188014,-0.50372297,-0.23110645,0.25344008,-0.80610603,-0.18812391,0.23564361,-0.58121127,-0.30348727,0.17128304,-0.38396105,-0.29507953,0.14137867,-0.4383744,-0.26056334,yes,
0.0,0.0,0.0,-0.17346883,-0.027775086,-0.31076616,-0.33954918,-0.18151444,-0.5322977,-0.3423532,-0.3169631,-0.7166608,-0.15535524,-0.38479003,-0.8609706,-0.26051715,-0.8952046,-0.3631928,-0.2952508,-0.745038,-0.6530663,-0.284413,-0.47765085,-0.78260857,-0.24651715,-0.4198697,-0.8422209,-0.049557336,-0.9473201,-0.31643125,-0.047304362,-0.66196805,-0.5931206,-0.10620331,-0.34292212,-0.6106936,-0.10826593,-0.41289216,-0.57372755,0.1432395,-0.8666856,-0.3159347,0.13670762,-0.50545526,-0.5473832,0.04399781,-0.2729399,-0.48260495,0.012965727,-0.3396746,-0.40123126,0.30273178,-0.7314216,-0.3513151,0.30731842,-0.36702943,-0.5088289,0.21082455,-0.2072788,-0.50702834,0.15379679,-0.25494832,-0.47412902,yes,
0.0,0.0,0.0,-0.18868357,0.047159575,-0.2573087,-0.32977757,0.10865472,-0.4706673,-0.33763894,0.2251147,-0.65511787,-0.35241964,0.3154036,-0.81347084,-0.42007732,-0.8239484,-0.41819954,-0.5077454,-0.6051866,-0.71584016,-0.5298301,-0.314945,-0.87344927,-0.5362397,-0.15383135,-0.94682443,-0.118946284,-0.90232235,-0.41432613,-0.10833354,-0.20560052,-0.6704524,-0.19560498,0.11684603,-0.71287864,-0.28314546,0.052509766,-0.7096851,0.16746843,-0.7641023,-0.44100386,0.13250208,0.012350239,-0.65128237,-0.0056284764,0.25113407,-0.5831454,-0.108851194,0.16882597,-0.50682,0.39622706,-0.53864574,-0.49851066,0.32596445,0.08938467,-0.65510684,0.19047907,0.28725564,-0.62222904,0.113135904,0.24601635,-0.5594757,yes,
0.0,0.0,0.0,-0.2751425,0.12898716,-0.32895058,-0.53075904,0.26953596,-0.58863705,-0.5065077,0.5814979,-0.8060596,-0.34684935,0.781864,-0.99146944,-0.5295321,-0.76891536,-0.5474977,-0.59683156,-0.17035678,-0.8640192,-0.5909422,0.19675742,-1.035968,-0.5680218,0.28992027,-1.1273382,-0.16947776,-0.83992624,-0.5155591,-0.122985184,0.16870208,-0.7842393,-0.18466833,0.34696195,-0.82138115,-0.25237438,0.14383696,-0.82289976,0.17690116,-0.7179073,-0.51393443,0.18267824,0.28695858,-0.72974396,0.08148685,0.370305,-0.6327532,0.011043703,0.15329197,-0.53559196,0.44909027,-0.51475364,-0.55318844,0.41056532,0.23426779,-0.7325905,0.29175657,0.34630096,-0.6965489,0.23287922,0.21545212,-0.62337565,yes,
0.0,0.0,0.0,-0.32246283,-0.21131612,-0.0688507,-0.5022379,-0.6235045,-0.091923535,-0.4093109,-1.0437462,-0.14022887,-0.21224673,-1.2844307,-0.16618796,-0.39809075,-0.9361735,0.09968588,-0.47605848,-1.2830893,-0.07017593,-0.45492053,-0.9988375,-0.15491292,-0.39748448,-0.8508596,-0.1758666,-0.21005492,-0.9753898,0.06702011,-0.24329586,-1.3654196,-0.10782387,-0.2528494,-1.0103439,-0.14049496,-0.21660581,-0.8747245,-0.10038959,-0.014366288,-0.9541749,-0.0030280857,-0.041220173,-1.263462,-0.19486547,-0.06506724,-0.83776176,-0.14692704,-0.033818096,-0.63622665,-0.040579945,0.20158835,-0.88498497,-0.081460595,0.14975801,-1.1642456,-0.17482533,0.096049,-0.8970108,-0.114424646,0.0995099,-0.71713346,-0.028519027,yes,
0.0,0.0,0.0,-0.23543859,-0.17420244,-0.12039641,-0.40921688,-0.5392419,-0.18318406,-0.30205727,-0.8811845,-0.2545425,-0.098329976,-1.0500728,-0.29512572,-0.3372224,-0.99197346,-0.005177195,-0.33892655,-1.3265828,-0.20874374,-0.3214626,-0.99634814,-0.30150273,-0.30270162,-0.83335507,-0.3274925,-0.13740548,-0.99019575,-0.025139738,-0.109980926,-1.2670557,-0.23357049,-0.12862845,-0.8731404,-0.26431265,-0.13570803,-0.79164445,-0.22435686,0.055770602,-0.9400715,-0.08491572,0.09721046,-1.1205305,-0.29636014,0.049777716,-0.70682555,-0.2434394,0.021112273,-0.6216526,-0.14239882,0.25136995,-0.8433726,-0.15722132,0.27065706,-1.0042962,-0.2612474,0.21766748,-0.7190566,-0.1988918,0.18414645,-0.63029563,-0.11640587,yes,
0.0,0.0,0.0,-0.20823145,-0.13877322,-0.17760925,-0.33890966,-0.43766904,-0.28178507,-0.1689238,-0.6693695,-0.37589797,0.066262156,-0.7565123,-0.43610686,-0.2751348,-0.9899153,-0.09488876,-0.23806363,-1.1639426,-0.3196309,-0.23646945,-0.857171,-0.44063458,-0.23452602,-0.69029236,-0.49211064,-0.07206194,-0.9932966,-0.09038197,-0.004057976,-1.0498031,-0.31403002,-0.03095593,-0.690088,-0.36473018,-0.04895902,-0.6349025,-0.34714338,0.11351572,-0.9247901,-0.12755066,0.19939938,-0.8780031,-0.3362516,0.12691182,-0.55030704,-0.30809227,0.069707945,-0.5408859,-0.2365473,0.28423533,-0.81411237,-0.18447463,0.35584775,-0.776051,-0.304385,0.28207007,-0.5373876,-0.27736548,0.21795957,-0.5150842,-0.22323982,yes,
0.0,0.0,0.0,-0.17271361,-0.0619221,-0.24126814,-0.27350038,-0.2282215,-0.39038196,-0.13356633,-0.36774558,-0.5004511,0.050290562,-0.4561591,-0.56686,-0.22598827,-0.93198276,-0.2514654,-0.12754051,-0.81746775,-0.41451856,-0.14309102,-0.5485162,-0.48138687,-0.17162809,-0.48668057,-0.5229405,-0.020178441,-0.9774137,-0.21036938,0.08164636,-0.7039582,-0.37707812,0.028966356,-0.43153286,-0.4026361,-0.013369012,-0.4635583,-0.40439653,0.16084664,-0.904093,-0.19854261,0.2605721,-0.6046695,-0.34980896,0.17881703,-0.3800212,-0.31679556,0.11110586,-0.42028117,-0.28087297,0.3150351,-0.76735777,-0.21342686,0.3933195,-0.5065145,-0.33332148,0.30603665,-0.33786857,-0.3419055,0.2192666,-0.36331183,-0.32938564,yes,
0.0,0.0,0.0,-0.21318167,0.0070175375,-0.26249367,-0.3336331,-0.069839835,-0.44558716,-0.16591638,-0.07765619,-0.5827307,0.048707526,-0.11374612,-0.68017066,-0.2799318,-0.87914824,-0.36783782,-0.16909379,-0.5696102,-0.5743675,-0.1553262,-0.2714895,-0.6738472,-0.1455887,-0.22635025,-0.73941404,-0.033948243,-0.9433042,-0.3301891,0.08431453,-0.45833877,-0.53496116,0.026942715,-0.17544898,-0.57267636,-0.0036381437,-0.20751429,-0.5880953,0.17322178,-0.8731275,-0.31785733,0.28363654,-0.35588154,-0.49194077,0.18018909,-0.13392131,-0.46039143,0.1097466,-0.19634984,-0.43078148,0.3462365,-0.7287212,-0.33493662,0.41819364,-0.29233685,-0.48060715,0.31643295,-0.10393656,-0.49653208,0.2331669,-0.1364211,-0.48980582,yes,
0.0,0.0,0.0,-0.1855897,0.06407504,-0.25046018,-0.37155327,0.110913076,-0.44869617,-0.3242019,0.29862815,-0.6150945,-0.1552786,0.4338768,-0.75399053,-0.4972485,-0.82790387,-0.36162183,-0.3998531,-0.3123679,-0.6110433,-0.4080089,0.0009072605,-0.7644429,-0.4442487,0.013353443,-0.85938716,-0.20300624,-0.9139623,-0.3513706,-0.03917933,-0.16490129,-0.56123513,-0.11156392,0.09598339,-0.6018905,-0.17118622,-0.0271099,-0.61530495,0.079642676,-0.82282084,-0.37007493,0.20794651,-0.03981298,-0.532561,0.077415586,0.16517633,-0.46690634,-0.016351223,0.036431763,-0.4059847,0.31516275,-0.64741445,-0.42282167,0.36480325,-0.043052856,-0.54756004,0.23486158,0.121282116,-0.5256609,0.14634494,0.04034349,-0.48313424,yes,
